{"chunk_definitions":[{"row":16,"row_count":1,"visible":true,"expansion_state":0,"options":{"engine":"r","label":"setup","include":false,"dev":"png"},"document_id":"C59CCA80","chunk_id":"csetup_chunk","chunk_label":"setup"},{"row":26,"row_count":1,"visible":true,"expansion_state":0,"options":{"engine":"r","label":"functions","echo":false,"dev":"png"},"document_id":"C59CCA80","chunk_id":"c3uepwrie7mwn","chunk_label":"functions"},{"row":42,"row_count":1,"visible":true,"expansion_state":0,"options":{"engine":"r","label":"unnamed-chunk-1","dev":"png"},"document_id":"C59CCA80","chunk_id":"cssd566gk551m","chunk_label":"unnamed-chunk-1"},{"row":168,"row_count":1,"visible":true,"expansion_state":0,"options":{"engine":"r","label":"FRESA Map","results":"hide","dpi":300,"fig.height":6,"fig.width":8,"dev":"png"},"document_id":"C59CCA80","chunk_id":"cu1aazbw8yp7e","chunk_label":"FRESA Map"},{"row":179,"row_count":1,"visible":true,"expansion_state":0,"options":{"engine":"r","dpi":300,"fig.height":6,"fig.width":8,"label":"unnamed-chunk-2","dev":"png"},"document_id":"C59CCA80","chunk_id":"c4d4891icowqn","chunk_label":"unnamed-chunk-2"},{"row":193,"row_count":1,"visible":true,"expansion_state":0,"options":{"engine":"r","label":" ","warning":false,"dev":"png"},"document_id":"C59CCA80","chunk_id":"cpgk7vjz1880t","chunk_label":"unnamed-chunk-3"},{"row":204,"row_count":1,"visible":true,"expansion_state":0,"options":{"engine":"r","results":"asis","warning":false,"dpi":300,"fig.height":6,"fig.width":6,"label":"unnamed-chunk-6","dev":"png"},"document_id":"C59CCA80","chunk_id":"czdgxia9psxuu","chunk_label":"unnamed-chunk-4"},{"row":216,"row_count":1,"visible":true,"expansion_state":0,"options":{"engine":"r","label":"unnamed-chunk-5","dev":"png"},"document_id":"C59CCA80","chunk_id":"ch1907f4ktvcb","chunk_label":"unnamed-chunk-5"},{"row":227,"row_count":1,"visible":true,"expansion_state":0,"options":{},"document_id":"C59CCA80","chunk_id":"c7rkf3e85u7wh","chunk_label":"unnamed-chunk-6"},{"row":240,"row_count":1,"visible":true,"expansion_state":0,"options":{},"document_id":"C59CCA80","chunk_id":"c0s3q4irdfxen","chunk_label":"unnamed-chunk-7"},{"row":251,"row_count":1,"visible":true,"expansion_state":0,"options":{},"document_id":"C59CCA80","chunk_id":"c3dy5z67um1ez","chunk_label":"unnamed-chunk-8"},{"row":261,"row_count":1,"visible":true,"expansion_state":0,"options":{},"document_id":"C59CCA80","chunk_id":"c869nkjr51nk2","chunk_label":"unnamed-chunk-9"},{"row":272,"row_count":1,"visible":true,"expansion_state":0,"options":{},"document_id":"C59CCA80","chunk_id":"cg4dkcouzhiip","chunk_label":"unnamed-chunk-10"}],"doc_write_time":1716599864,"working_dir":null,"default_chunk_options":{"collapse":true,"warning":false,"message":false,"comment":"#>"}}