"0","op <- par(no.readonly = TRUE)"
"0",""
"0",""
"0","colnames(MelanomaControlFeatures) <- paste(""C"",colnames(MelanomaControlFeatures),sep="""")"
"0","colnames(SeborrheicControlFeatures) <- paste(""C"",colnames(SeborrheicControlFeatures),sep="""")"
"0","colnames(NevusControlFeatures) <- paste(""C"",colnames(NevusControlFeatures),sep="""")"
"0",""
"0",""
"0","sum(is.na(MelanomaFeatures))"
"1","[1]"
"1"," 0"
"1","
"
"0","sum(is.na(SeborrheicFeatures))"
"1","[1]"
"1"," 0"
"1","
"
"0","sum(is.na(NevusFeatures))"
"1","[1]"
"1"," 36"
"1","
"
"0","sum(is.na(MelanomaControlFeatures))"
"1","[1]"
"1"," 0"
"1","
"
"0","sum(is.na(NevusControlFeatures))"
"1","[1]"
"1"," 36"
"1","
"
"0","channel1 <- c(1:32)"
"0","channel2 <- c(33:64)"
"0","channel3 <- c(65:96)"
"0",""
"0","MMelanomaFeatures <- (  MelanomaFeatures[,channel1] +"
"0","                        MelanomaFeatures[,channel2] +"
"0","                        MelanomaFeatures[,channel3] )/3.0"
"0","SMelanomaFeatures <- (  abs(MelanomaFeatures[,channel1] - MMelanomaFeatures) +"
"0","                        abs(MelanomaFeatures[,channel2] - MMelanomaFeatures) +"
"0","                        abs(MelanomaFeatures[,channel3] - MMelanomaFeatures) )/3.0"
"0",""
"0","colnames(MMelanomaFeatures) <- paste(""M"",colnames(MMelanomaFeatures),sep="""")"
"0","colnames(SMelanomaFeatures) <- paste(""S"",colnames(SMelanomaFeatures),sep="""")"
"0",""
"0","MelanomaFeatures <- cbind(MelanomaFeatures,SMelanomaFeatures/(0.01+abs(MMelanomaFeatures)))"
"0",""
"0","MNevusFeatures <- (  NevusFeatures[,channel1] +"
"0","                        NevusFeatures[,channel2] +"
"0","                        NevusFeatures[,channel3] )/3.0"
"0","SNevusFeatures <- (  abs(NevusFeatures[,channel1] - MNevusFeatures) +"
"0","                        abs(NevusFeatures[,channel2] - MNevusFeatures) +"
"0","                        abs(NevusFeatures[,channel3] - MNevusFeatures) )/3.0"
"0",""
"0","colnames(MNevusFeatures) <- paste(""M"",colnames(MNevusFeatures),sep="""")"
"0","colnames(SNevusFeatures) <- paste(""S"",colnames(SNevusFeatures),sep="""")"
"0",""
"0","NevusFeatures <- cbind(NevusFeatures,SNevusFeatures/(0.001+abs(MNevusFeatures)))"
"0",""
"0",""
"0","MSeborrheicFeatures <- (  SeborrheicFeatures[,channel1] +"
"0","                          SeborrheicFeatures[,channel2] +"
"0","                          SeborrheicFeatures[,channel3] )/3.0"
"0","SSeborrheicFeatures <- (abs(SeborrheicFeatures[,channel1] - MSeborrheicFeatures) +"
"0","                        abs(SeborrheicFeatures[,channel2] - MSeborrheicFeatures) +"
"0","                        abs(SeborrheicFeatures[,channel3] - MSeborrheicFeatures))/3.0"
"0","colnames(MSeborrheicFeatures) <- paste(""M"",colnames(MSeborrheicFeatures),sep="""")"
"0","colnames(SSeborrheicFeatures) <- paste(""S"",colnames(SSeborrheicFeatures),sep="""")"
"0",""
"0","SeborrheicFeatures <- cbind(SeborrheicFeatures,SSeborrheicFeatures/(0.001+abs(MSeborrheicFeatures)))"
"0",""
"0","MMelanomaControlFeatures <- (  MelanomaControlFeatures[,channel1] +"
"0","                               MelanomaControlFeatures[,channel2] +"
"0","                               MelanomaControlFeatures[,channel3] )/3.0"
"0",""
"0","SMelanomaControlFeatures <- (abs(MelanomaControlFeatures[,channel1] - MMelanomaControlFeatures) +"
"0","                             abs(MelanomaControlFeatures[,channel2] - MMelanomaControlFeatures) +"
"0","                             abs(MelanomaControlFeatures[,channel3] - MMelanomaControlFeatures))/3.0"
"0","colnames(MMelanomaControlFeatures) <- paste(""M"",colnames(MMelanomaControlFeatures),sep="""")"
"0","colnames(SMelanomaControlFeatures) <- paste(""S"",colnames(SMelanomaControlFeatures),sep="""")"
"0",""
"0",""
"0","MelanomaControlFeatures <- cbind(MelanomaControlFeatures,SMelanomaControlFeatures/(0.001+abs(MMelanomaControlFeatures)))"
"0",""
"0","MNevusControlFeatures <- (  NevusControlFeatures[,channel1] +"
"0","                               NevusControlFeatures[,channel2] +"
"0","                               NevusControlFeatures[,channel3] )/3.0"
"0","SNevusControlFeatures <- (abs(NevusControlFeatures[,channel1] - MNevusControlFeatures) +"
"0","                             abs(NevusControlFeatures[,channel2] - MNevusControlFeatures) +"
"0","                             abs(NevusControlFeatures[,channel3] - MNevusControlFeatures))/3.0"
"0","colnames(MNevusControlFeatures) <- paste(""M"",colnames(MNevusControlFeatures),sep="""")"
"0","colnames(SNevusControlFeatures) <- paste(""S"",colnames(SNevusControlFeatures),sep="""")"
"0",""
"0","NevusControlFeatures <- cbind(NevusControlFeatures,SNevusControlFeatures/(0.001+abs(MNevusControlFeatures)))"
"0",""
"0",""
"0","MSeborrheicControlFeatures <- (  SeborrheicControlFeatures[,channel1] +"
"0","                                 SeborrheicControlFeatures[,channel2] +"
"0","                                 SeborrheicControlFeatures[,channel3] )/3.0"
"0","SSeborrheicControlFeatures <- (abs(SeborrheicControlFeatures[,channel1] - MSeborrheicControlFeatures) +"
"0","                               abs(SeborrheicControlFeatures[,channel2] - MSeborrheicControlFeatures) +"
"0","                               abs(SeborrheicControlFeatures[,channel3] - MSeborrheicControlFeatures))/3.0"
"0","colnames(MSeborrheicControlFeatures) <- paste(""M"",colnames(MSeborrheicControlFeatures),sep="""")"
"0","colnames(SSeborrheicControlFeatures) <- paste(""S"",colnames(SSeborrheicControlFeatures),sep="""")"
"0",""
"0","SeborrheicControlFeatures <- cbind(SeborrheicControlFeatures,"
"0","                                   SSeborrheicControlFeatures/(0.001+abs(MSeborrheicControlFeatures)))"
"0",""
"0",""
"0",""
"0","CtrDiff <- MelanomaFeatures[,1:ncol(MelanomaControlFeatures)] - MelanomaControlFeatures;"
"0","colnames(CtrDiff) <- colnames(MelanomaControlFeatures)"
"0","MelanomaFeatures <- cbind(MelanomaFeatures,CtrDiff) "
"0",""
"0","CtrDiff <- NevusFeatures[,1:ncol(MelanomaControlFeatures)] - NevusControlFeatures;"
"0","colnames(CtrDiff) <- colnames(NevusControlFeatures)"
"0","NevusFeatures <- cbind(NevusFeatures,CtrDiff) "
"0",""
"0",""
"0","CtrDiff <- SeborrheicFeatures[,1:ncol(MelanomaControlFeatures)] - SeborrheicControlFeatures;"
"0","colnames(CtrDiff) <- colnames(SeborrheicControlFeatures)"
"0","SeborrheicFeatures <- cbind(SeborrheicFeatures,CtrDiff)"
"0",""
"0","MelanomaFeatures <- MelanomaFeatures[complete.cases(MelanomaFeatures),]"
"0","NevusFeatures <- NevusFeatures[complete.cases(NevusFeatures),]"
"0","SeborrheicFeatures <- SeborrheicFeatures[complete.cases(SeborrheicFeatures),]"
"0",""
"0",""
"0","MelanomaFeatures$Class <- rep(1,nrow(MelanomaFeatures))"
"0","NevusFeatures$Class <- rep(0,nrow(NevusFeatures))"
"0","SeborrheicFeatures$Class <- rep(0,nrow(SeborrheicFeatures))"
"0",""
"0",""
"0","MelanomaSeborrheicNevus <- rbind(MelanomaFeatures,SeborrheicFeatures,NevusFeatures)"
"0",""
"0","table(MelanomaSeborrheicNevus$Class)"
"1","
"
"1","   0 "
"1","   1 "
"1","
"
"1","1293 "
"1"," 323 "
"1","
"
