"0","MelanomaFeatures <- read.csv(""./MelanomaLesionFeatures.csv"", header=FALSE)"
"0","SeborrheicFeatures <- read.csv(""./SeborrheicLesionFeatures.csv"", header=FALSE)"
"0","MelanomaControlFeatures <- read.csv(""./MelanomaControlFeatures.csv"", header=FALSE)"
"0","SeborrheicControlFeatures <- read.csv(""./SeborrheicControlFeatures.csv"", header=FALSE)"
"0","NevusFeatures <- read.csv(""./NevusLesionFeatures.csv"", header=FALSE)"
"0","NevusControlFeatures <- read.csv(""./NevusControlFeatures.csv"", header=FALSE)"
"0",""
"0","#LesionFeatureNames <- read_excel(""FeatureNames.xlsx"")"
"0","#ControlFeatureNames <- read_excel(""FeatureNames.xlsx"",sheet = ""Control"")"
"0","#FeatureNames <- read_excel(""FeatureNames.xlsx"",sheet = ""PerChannel"")"
"0",""
